{"entity":"event","account_id":"acc_N5sk3xS3IdUwNt","event":"payment.captured","contains":["payment"],"payload":{"payment":{"entity":{"id":"pay_NbZMj1eLjpwkYG","entity":"payment","amount":35000,"currency":"INR","status":"captured","order_id":"order_NbZGkwAyrSdqLX","invoice_id":"inv_NbZGksrmlhq7wV","international":false,"method":"upi","amount_refunded":0,"refund_status":null,"captured":true,"description":"Invoice #inv_NbZGksrmlhq7wV","card_id":null,"bank":null,"wallet":null,"vpa":"123@ybl","email":"void@razorpay.com","contact":"+918251095533","notes":[],"fee":826,"tax":126,"error_code":null,"error_description":null,"error_source":null,"error_step":null,"error_reason":null,"acquirer_data":{"rrn":"989415196660","upi_transaction_id":"00F4D864B469A4D923F8DAAF059AD510"},"created_at":1708090522,"upi":{"vpa":"123@ybl"},"base_amount":35000}}},"created_at":1708090522}